day,litter_m,litter_s
1,1.1008333333,0.5275
365,1.1008333333,0.5275
