par,lower,upper
D_0,1,20
E_K,30,130
E_d,30,130
E_V,30,130
f_CD_bf,0.00001,0.001
f_CD_mz,0.00001,0.001
f_CE_bf,0.00001,0.001
f_CE_mz,0.00001,0.001
f_CM_bf,0.001,0.05
f_CM_mz,0.001,0.05
f_ep,0.001,0.05
f_gr_ref,0.5,0.8
f_mr,0,0.2
K_D_ref,50000,300000
K_U_ref,1,1000
psi_Rth,14000,19000
r_ed_ref,0.0001,0.01
r_md_ref,0.00001,0.01
V_D_mz,0.01,20
V_D_bf,0.01,20
V_U_ref,0.01,20
