par,lower,upper
D_0,5,10
E_K,30,130
E_d,90,130
E_V,80,130
f_CD_bf,0.00001,0.01
f_CD_mz,0.00001,0.01
f_CE_bf,0.00001,0.01
f_CE_mz,0.00001,0.01
f_CM_bf,0.001,0.01
f_CM_mz,0.001,0.01
f_ep,0.001,0.003
f_gr_ref,0.5,0.85
f_mr,0.05,0.15
K_D_ref,70000,300000
K_U_ref,1,300
psi_Rth,15000,19000
r_ed_ref,0.0002,0.001
r_md_ref,0.0001,0.001
V_D_mz,0.05,1.5
V_D_bf,0.05,1.5
V_U_ref,1,2
